{
  "resource_pack_name": "miseryrtx",
  "texture_name": "atlas.terrain",
  "padding": 2,
  "num_mip_levels": 0,
  "texture_data": {
    "beacon": {
      "textures": "textures/blocks/beacon"
    },
    "beacon_base": {
      "textures": "textures/blocks/custom/beacon_base"
    },
    "beacon_core": {
      "textures": "textures/blocks/custom/beacon_core"
    },
    "beacon_shell": {
      "textures": "textures/blocks/custom/beacon_shell"
    },
    "bookshelf_top": {
      "textures": "textures/blocks/planks_oak"
    },
    "grass_carried": {
      "textures": {
        "overlay_color": "#79c05a",
        "path": "textures/blocks/grass_side"
      }
    },
    "grass_side": {
      "textures": [
        {
          "overlay_color": "#79c05a",
          "path": "textures/blocks/grass_side"
        },
        {
          "overlay_color": "#8ab689",
          "path": "textures/blocks/grass_side"
        },
        {
          "overlay_color": "#bfb755",
          "path": "textures/blocks/grass_side"
        },
        {
          "overlay_color": "#59c93c",
          "path": "textures/blocks/grass_side"
        },
        {
          "overlay_color": "#55c93f",
          "path": "textures/blocks/grass_side"
        },
        {
          "overlay_color": "#88bb66",
          "path": "textures/blocks/grass_side"
        },
        {
          "overlay_color": "#86b87f",
          "path": "textures/blocks/grass_side"
        },
        {
          "overlay_color": "#64c73f",
          "path": "textures/blocks/grass_side"
        },
        {
          "overlay_color": "#86b783",
          "path": "textures/blocks/grass_side"
        },
        {
          "overlay_color": "#83b593",
          "path": "textures/blocks/grass_side"
        },
        {
          "overlay_color": "#80b497",
          "path": "textures/blocks/grass_side"
        },
        {
          "overlay_color": "#91bd59",
          "path": "textures/blocks/grass_side"
        },
        {
          "overlay_color": "#90814d",
          "path": "textures/blocks/grass_side"
        },
        {
          "overlay_color": "#8eb971",
          "path": "textures/blocks/grass_side"
        },
        {
          "overlay_color": "#6a7039",
          "path": "textures/blocks/grass_side"
        },
        {
          "overlay_color": "#507a32",
          "path": "textures/blocks/grass_side"
        },
        "textures/blocks/grass_side_snowed"
      ]
    },
    "waterlily": {
      "textures": [
        {
          "path": "textures/blocks/waterlily",
          "tint_color": "#38af4c"
        }
      ]
    }
  }
}
